timestamp,session_id,question,answer
2026-09-29T10:20:39.742+01:00,8951417434,can you write a letter,
2026-09-29T10:22:11.458+01:00,8951417434,,
2026-09-29T10:22:58.632+01:00,8951417434,,
2026-09-29T10:24:46.646+01:00,8951417434,,
2026-09-29T10:25:54.657+01:00,8951417434,متى تفتح العيادة يوم السبت؟,العيادة تفتح يوم السبت من الساعة 09:00 صباحاً حتى 13:00 ظهراً.
2026-09-29T10:27:43.111+01:00,8951417434,هل تعالجون الأطفال ومن أي سن؟,نعم، نُقدّم علاج طب أسنان الأطفال. تتولى دكتورة ليلى حداد علاج العصب وطب أسنان الأطفال. نبدأ بمعالجة الأطفال من سن 3 سنوات.
2026-09-29T10:28:28.640+01:00,8951417434,متى تعمل,"دكتورة ليلى حداد تعمل في الأيام التالية:

- الأحد: من 09:00 إلى 17:00
- الثلاثاء: من 09:00 إلى 17:00
- الخميس: من 09:00 إلى 17:00
- السبت: من 09:00 إلى 13:00"
2026-09-29T10:55:58.124+01:00,8951417434,مرحبا,
2026-09-29T10:57:48.024+01:00,8951417434,مرحبا,مرحبًا! كيف يمكنني مساعدتك اليوم في عيادة ابتسامة الأطلس لطب الأسنان؟
2026-09-29T10:58:08.098+01:00,8951417434,ماذا قلت قبل قليل,لا أحتفظ بالسجل السابق للمحادثات. كيف يمكنني مساعدتك اليوم؟
2026-09-29T10:58:55.292+01:00,8951417434,.,إذا كان لديك أي استفسار إضافي، لا تتردد في طرحه!